[
    {
        "name": "pfinal/session",
        "version": "1.0",
        "version_normalized": "1.0.0.0",
        "source": {
            "type": "git",
            "url": "https://github.com/pfinal/session.git",
            "reference": "7a57377f76dd7c0415213ff7b25fa0033742d4b5"
        },
        "dist": {
            "type": "zip",
            "url": "https://packagist.phpcomposer.com/files/pfinal/session/7a57377f76dd7c0415213ff7b25fa0033742d4b5.zip",
            "reference": "7a57377f76dd7c0415213ff7b25fa0033742d4b5",
            "shasum": ""
        },
        "require": {
            "php": ">=5.2"
        },
        "time": "2016-06-24 04:01:08",
        "type": "library",
        "installation-source": "dist",
        "autoload": {
            "psr-4": {
                "PFinal\\Session\\": "src/"
            }
        },
        "notification-url": "https://packagist.org/downloads/",
        "license": [
            "MIT"
        ],
        "authors": [
            {
                "name": "Zou Yiliang"
            }
        ],
        "description": "The PFinal Session package.",
        "homepage": "http://www.pfinal.cn"
    },
    {
        "name": "pfinal/cache",
        "version": "1.0",
        "version_normalized": "1.0.0.0",
        "source": {
            "type": "git",
            "url": "https://github.com/pfinal/cache.git",
            "reference": "8e25d8b3b3c99337163f5ad886b5ab836896f244"
        },
        "dist": {
            "type": "zip",
            "url": "https://packagist.phpcomposer.com/files/pfinal/cache/8e25d8b3b3c99337163f5ad886b5ab836896f244.zip",
            "reference": "8e25d8b3b3c99337163f5ad886b5ab836896f244",
            "shasum": ""
        },
        "require": {
            "php": ">=5.3"
        },
        "time": "2016-06-22 03:19:14",
        "type": "library",
        "installation-source": "dist",
        "autoload": {
            "psr-4": {
                "PFinal\\Cache\\": "src/"
            }
        },
        "notification-url": "https://packagist.org/downloads/",
        "license": [
            "MIT"
        ],
        "authors": [
            {
                "name": "Zou Yiliang"
            }
        ],
        "description": "缓存(Memcache、File、Array)"
    },
    {
        "name": "psr/log",
        "version": "dev-master",
        "version_normalized": "9999999-dev",
        "source": {
            "type": "git",
            "url": "https://github.com/php-fig/log.git",
            "reference": "d8e60a5619fff77f9669da8997697443ef1a1d7e"
        },
        "dist": {
            "type": "zip",
            "url": "https://packagist.phpcomposer.com/files/php-fig/log/d8e60a5619fff77f9669da8997697443ef1a1d7e.zip",
            "reference": "d8e60a5619fff77f9669da8997697443ef1a1d7e",
            "shasum": ""
        },
        "require": {
            "php": ">=5.3.0"
        },
        "time": "2016-01-06 21:40:42",
        "type": "library",
        "extra": {
            "branch-alias": {
                "dev-master": "1.0.x-dev"
            }
        },
        "installation-source": "source",
        "autoload": {
            "psr-4": {
                "Psr\\Log\\": "Psr/Log/"
            }
        },
        "notification-url": "https://packagist.org/downloads/",
        "license": [
            "MIT"
        ],
        "authors": [
            {
                "name": "PHP-FIG",
                "homepage": "http://www.php-fig.org/"
            }
        ],
        "description": "Common interface for logging libraries",
        "homepage": "https://github.com/php-fig/log",
        "keywords": [
            "log",
            "psr",
            "psr-3"
        ]
    },
    {
        "name": "monolog/monolog",
        "version": "1.x-dev",
        "version_normalized": "1.9999999.9999999.9999999-dev",
        "source": {
            "type": "git",
            "url": "https://github.com/Seldaek/monolog.git",
            "reference": "55841909e2bcde01b5318c35f2b74f8ecc86e037"
        },
        "dist": {
            "type": "zip",
            "url": "https://packagist.phpcomposer.com/files/Seldaek/monolog/55841909e2bcde01b5318c35f2b74f8ecc86e037.zip",
            "reference": "55841909e2bcde01b5318c35f2b74f8ecc86e037",
            "shasum": ""
        },
        "require": {
            "php": ">=5.3.0",
            "psr/log": "~1.0"
        },
        "provide": {
            "psr/log-implementation": "1.0.0"
        },
        "require-dev": {
            "aws/aws-sdk-php": "^2.4.9",
            "doctrine/couchdb": "~1.0@dev",
            "graylog2/gelf-php": "~1.0",
            "jakub-onderka/php-parallel-lint": "0.9",
            "php-amqplib/php-amqplib": "~2.4",
            "php-console/php-console": "^3.1.3",
            "phpunit/phpunit": "~4.5",
            "phpunit/phpunit-mock-objects": "2.3.0",
            "ruflin/elastica": ">=0.90 <3.0",
            "sentry/sentry": "^0.13",
            "swiftmailer/swiftmailer": "~5.3"
        },
        "suggest": {
            "aws/aws-sdk-php": "Allow sending log messages to AWS services like DynamoDB",
            "doctrine/couchdb": "Allow sending log messages to a CouchDB server",
            "ext-amqp": "Allow sending log messages to an AMQP server (1.0+ required)",
            "ext-mongo": "Allow sending log messages to a MongoDB server",
            "graylog2/gelf-php": "Allow sending log messages to a GrayLog2 server",
            "mongodb/mongodb": "Allow sending log messages to a MongoDB server via PHP Driver",
            "php-amqplib/php-amqplib": "Allow sending log messages to an AMQP server using php-amqplib",
            "php-console/php-console": "Allow sending log messages to Google Chrome",
            "rollbar/rollbar": "Allow sending log messages to Rollbar",
            "ruflin/elastica": "Allow sending log messages to an Elastic Search server",
            "sentry/sentry": "Allow sending log messages to a Sentry server"
        },
        "time": "2016-07-02 14:02:10",
        "type": "library",
        "extra": {
            "branch-alias": {
                "dev-master": "2.0.x-dev"
            }
        },
        "installation-source": "dist",
        "autoload": {
            "psr-4": {
                "Monolog\\": "src/Monolog"
            }
        },
        "notification-url": "https://packagist.org/downloads/",
        "license": [
            "MIT"
        ],
        "authors": [
            {
                "name": "Jordi Boggiano",
                "email": "j.boggiano@seld.be",
                "homepage": "http://seld.be"
            }
        ],
        "description": "Sends your logs to files, sockets, inboxes, databases and various web services",
        "homepage": "http://github.com/Seldaek/monolog",
        "keywords": [
            "log",
            "logging",
            "psr-3"
        ]
    },
    {
        "name": "symfony/event-dispatcher",
        "version": "2.8.x-dev",
        "version_normalized": "2.8.9999999.9999999-dev",
        "source": {
            "type": "git",
            "url": "https://github.com/symfony/event-dispatcher.git",
            "reference": "6612e92d5572c1506e6e5412faab77a76bce6c2f"
        },
        "dist": {
            "type": "zip",
            "url": "https://packagist.phpcomposer.com/files/symfony/event-dispatcher/6612e92d5572c1506e6e5412faab77a76bce6c2f.zip",
            "reference": "6612e92d5572c1506e6e5412faab77a76bce6c2f",
            "shasum": ""
        },
        "require": {
            "php": ">=5.3.9"
        },
        "require-dev": {
            "psr/log": "~1.0",
            "symfony/config": "~2.0,>=2.0.5|~3.0.0",
            "symfony/dependency-injection": "~2.6|~3.0.0",
            "symfony/expression-language": "~2.6|~3.0.0",
            "symfony/stopwatch": "~2.3|~3.0.0"
        },
        "suggest": {
            "symfony/dependency-injection": "",
            "symfony/http-kernel": ""
        },
        "time": "2016-07-18 07:09:40",
        "type": "library",
        "extra": {
            "branch-alias": {
                "dev-master": "2.8-dev"
            }
        },
        "installation-source": "source",
        "autoload": {
            "psr-4": {
                "Symfony\\Component\\EventDispatcher\\": ""
            },
            "exclude-from-classmap": [
                "/Tests/"
            ]
        },
        "notification-url": "https://packagist.org/downloads/",
        "license": [
            "MIT"
        ],
        "authors": [
            {
                "name": "Fabien Potencier",
                "email": "fabien@symfony.com"
            },
            {
                "name": "Symfony Community",
                "homepage": "https://symfony.com/contributors"
            }
        ],
        "description": "Symfony EventDispatcher Component",
        "homepage": "https://symfony.com"
    },
    {
        "name": "pfinal/wechat",
        "version": "1.2",
        "version_normalized": "1.2.0.0",
        "source": {
            "type": "git",
            "url": "https://github.com/pfinal/wechat.git",
            "reference": "7e7e659ebcbe6791935bb5f5519014618085e507"
        },
        "dist": {
            "type": "zip",
            "url": "https://packagist.phpcomposer.com/files/pfinal/wechat/7e7e659ebcbe6791935bb5f5519014618085e507.zip",
            "reference": "7e7e659ebcbe6791935bb5f5519014618085e507",
            "shasum": ""
        },
        "require": {
            "monolog/monolog": "1.*",
            "pfinal/cache": "^1.0",
            "pfinal/session": "^1.0",
            "php": ">=5.4",
            "symfony/event-dispatcher": "~2.6"
        },
        "require-dev": {
            "phpunit/phpunit": "~4.0"
        },
        "time": "2016-07-10 15:23:33",
        "type": "library",
        "installation-source": "dist",
        "autoload": {
            "psr-4": {
                "PFinal\\Wechat\\": "src/"
            }
        },
        "notification-url": "https://packagist.org/downloads/",
        "license": [
            "MIT"
        ],
        "authors": [
            {
                "name": "Zou Yiliang"
            }
        ],
        "description": "一个简单易用的微信公众平台SDK",
        "homepage": "http://www.pfinal.cn"
    }
]
